Time,HR,RR,Mode,GSR,SkinT,AccX,AccY,AccZ,outcome
26/02/17 10:52:05,80.000000,0.298656,Acquiring,340330.000,33.630,0.374,0.854,0.400,1
26/02/17 10:52:05,80.000000,0.464576,Acquiring,340330.000,33.630,0.372,0.835,0.396,1