Time,HR,RR,Mode,GSR,SkinT,AccX,AccY,AccZ,outcome
22/02/17 02:01:52,71.000000,0.829600,Locked,11118.000,33.250,-0.153,0.978,0.048,1
22/02/17 02:01:52,71.000000,0.779824,Locked,11118.000,33.250,-0.192,0.964,-0.048,1