Time,HR,RR,Mode,GSR,SkinT,AccX,AccY,AccZ,outcome
23/02/17 02:01:24,78.000000,0.962336,Acquiring,340330.000,0.000,0.997,0.004,-0.035,1
23/02/17 02:01:25,78.000000,0.763232,Acquiring,340330.000,0.000,0.995,0.005,-0.036,1
23/02/17 02:01:25,78.000000,0.564128,Acquiring,340330.000,0.000,0.996,0.004,-0.035,1