Time,HR,RR,Mode,GSR,SkinT,AccX,AccY,AccZ,RoomT,Hum,PPM,outcome
28/02/17 20:00:23,72,0.647088,Acquiring,340330,25.81,-1.006591796875,-0.002197265625,0.006591796875,25.57,32.15,736,1
28/02/17 20:00:23,72,0.5143519999999999,Acquiring,340330,25.81,-1.00732421875,-0.0029296875,0.008056640625,25.57,32.15,736,1
28/02/17 20:00:24,72,0.547536,Acquiring,340330,25.81,-1.007568359375,-0.00341796875,0.010009765625,25.57,32.15,736,1
28/02/17 20:00:25,72,0.58072,Acquiring,340330,25.81,-1.00732421875,-0.001953125,0.00830078125,25.57,32.15,736,1
28/02/17 20:00:25,72,0.564128,Acquiring,340330,25.81,-1.007568359375,-0.00390625,0.008056640625,25.57,32.15,736,1
28/02/17 20:00:27,72,0.9125599999999999,Acquiring,340330,25.81,-1.009521484375,-0.003173828125,0.00732421875,25.57,32.15,736,1